StartDate,EndDate,Status,Progress,Duration (in seconds),Finished,RecordedDate,ResponseId,DistributionChannel,UserLanguage,"Consent Form ",Practice_2,"Practice_3 ","Practice_4 ",Q1_A ,Q1_B,Q2_A,Q2_B,Q3_A,Q3_B,Q4_A,Q4_B,Q5_A,Q5_B,Q6_A,Q6_B,Q7_A,Q7_B,Q8_A,Q8_B,Q9_A,Q9_B,Q10_A,Q10_B,Q11_A,Q11_B,Q12_A,Q12_B,Q13,Q14,Q15,Q16,Q17,Q18,Q19,Q20,Q21,Q22,Q23,Q24
Start Date,End Date,Response Type,Progress,Duration (in seconds),Finished,Recorded Date,Response ID,Distribution Channel,User Language,"Letter of Information 

Title of study: Language Understanding, Comprehension, and Learning in Adults  

Investigator: Masoud Jasbi, Ph.D, Assistant Professor of Linguistics, UC Davis



Introduction and Purpose

You are being invited to participate in a research study. If you agree to be in this research, you will see some pictures/videos or read some text and answer multiple-choice or multiple-answer questions. Alternatively you may be asked to type in your answer or complete a sentence. We will not collect any information from you that would identify you or connect you to the data collected. The anonymous data collected will be stored on an online platform and will be shared with other researchers to increase scientific openness and transparency. There are no significant risks or benefits associated with this study.



Compensation

To thank you for participating in our study you will receive $2.50.



Taking part in research is completely voluntary. You are free to decline to take part or stop participating in the project at any time. Whether or not you choose to take part or stop, there will be no penalty to you or loss of benefits to which you are otherwise entitled.



Questions

If you have any questions, please feel free to contact the investigator at jasbi@ucdavis.edu.



By clicking on the button below you consent to the above and agree to participate in this research study.","There is a cat and a dog. 



(To continue, select the card with both a cat and a dog)","There is an animal on the card. 



(To continue, select all the cards except the blank card)","There is neither a cat nor a dog.



(To continue, select the blank card)",There is a cat or a dog.,There is a cat or a dog.,There is a dog or an elephant.,There is a dog or an elephant.,There is an elephant or a cat.,There is an elephant or a cat.,There is  bird or a cat.,There is a bird or a cat.,There is a bird or a dog.,There is a bird or a dog.,There is a bird or an elephant.,There is  bird or an elephant.,There is a cat or there is a dog.,There is a cat or there is a dog.,There is a dog or there is an elephant.,There is a dog or there is an elephant.,There is an elephant or there is a cat.,There is an elephant or there is a cat.,There is a bird or there is  a cat.,There is  a bird or there is  a cat.,There is a bird or there is a dog.,There is a bird or there is a dog.,There is a bird or there is an elephant.,There is a bird or there is an elephant.,There is  cat and a dog.,There is a dog and an elephant.,There is an elephant and a cat.,There is  bird and there is a cat.,There is a bird and there is an elephant.,There is a bird and there is a dog.,There is neither a cat nor a dog.,There is neither a dog nor an elephant.,There is neither an elephant nor a cat.,There is neither a bird nor a cat.,There is neither a bird nor a dog.,There is neither a bird nor an elephant.
"{""ImportId"":""startDate"",""timeZone"":""America/Denver""}","{""ImportId"":""endDate"",""timeZone"":""America/Denver""}","{""ImportId"":""status""}","{""ImportId"":""progress""}","{""ImportId"":""duration""}","{""ImportId"":""finished""}","{""ImportId"":""recordedDate"",""timeZone"":""America/Denver""}","{""ImportId"":""_recordId""}","{""ImportId"":""distributionChannel""}","{""ImportId"":""userLanguage""}","{""ImportId"":""QID1""}","{""ImportId"":""QID3""}","{""ImportId"":""QID57""}","{""ImportId"":""QID56""}","{""ImportId"":""QID5""}","{""ImportId"":""QID43""}","{""ImportId"":""QID9""}","{""ImportId"":""QID44""}","{""ImportId"":""QID12""}","{""ImportId"":""QID45""}","{""ImportId"":""QID15""}","{""ImportId"":""QID46""}","{""ImportId"":""QID18""}","{""ImportId"":""QID47""}","{""ImportId"":""QID21""}","{""ImportId"":""QID48""}","{""ImportId"":""QID8""}","{""ImportId"":""QID49""}","{""ImportId"":""QID11""}","{""ImportId"":""QID50""}","{""ImportId"":""QID14""}","{""ImportId"":""QID51""}","{""ImportId"":""QID17""}","{""ImportId"":""QID52""}","{""ImportId"":""QID20""}","{""ImportId"":""QID53""}","{""ImportId"":""QID23""}","{""ImportId"":""QID54""}","{""ImportId"":""QID24""}","{""ImportId"":""QID25""}","{""ImportId"":""QID26""}","{""ImportId"":""QID27""}","{""ImportId"":""QID28""}","{""ImportId"":""QID29""}","{""ImportId"":""QID36""}","{""ImportId"":""QID37""}","{""ImportId"":""QID38""}","{""ImportId"":""QID40""}","{""ImportId"":""QID39""}","{""ImportId"":""QID41""}"
2024-02-19 17:52:10,2024-02-19 17:56:14,1,100,244,1,2024-02-19 17:56:16,R_5hzN9R6beEP6fEh,preview,EN,1,3,"1,2",4,"1,2","1,2","1,2","1,2","1,2","1,2","1,2","1,2","1,2","1,2","1,2","1,2","1,2","1,2","1,2","1,2","1,2","1,2","1,2","1,2","1,2","1,2","1,2","1,2",3,3,3,3,"1,2",3,4,4,4,4,4,4
2024-02-19 17:59:09,2024-02-19 18:05:07,1,100,357,1,2024-02-19 18:05:08,R_3aPqEGdmGWKiUCM,preview,EN,1,3,"1,2,3",4,"1,2","1,2","1,2","1,2","1,2","1,2","1,2","1,2","1,2","1,2","1,2","1,2","1,2","1,2","1,2","1,2","1,2","1,2","1,2","1,2","1,2","1,2","1,2","1,2",3,3,3,3,3,3,4,4,4,4,4,4
2024-02-19 21:39:24,2024-02-19 21:43:14,1,100,229,1,2024-02-19 21:43:15,R_1cvlw2bs29KLtu1,preview,EN,1,3,"1,2,3",4,"1,2,3","1,2,3","1,2,3","1,2,3","1,2,3","1,2,3","1,2,3","1,2,3","1,2,3","1,2,3","1,2,3","1,2,3","1,2,3","1,2","1,2,3","1,2","1,2","1,2,3","1,2,3","1,2,3","1,2,3","1,2,3","1,2,3","1,2",3,3,3,3,3,3,4,4,"1,2,3",4,4,4
2024-02-20 00:50:02,2024-02-20 00:56:19,1,100,376,1,2024-02-20 00:56:20,R_7igvA5JxHt5ZhKP,preview,EN,1,3,"1,2,3",4,"1,2","1,2","1,2","1,2","1,2","1,2","1,2","1,2","1,2","1,2","1,2","1,2","1,2","1,2","1,2","1,2","1,2","1,2","1,2","1,2","1,2",3,"1,2","1,2",3,3,3,3,3,3,4,4,4,4,4,4
2024-02-20 11:59:16,2024-02-20 12:07:13,1,100,476,1,2024-02-20 12:07:14,R_13cKFNo49bFVMgV,preview,EN,1,3,"1,2,3",4,"1,2,3","1,2,3","1,2,3","1,2,3","1,2,3","1,2,3","1,2,3","1,2,3","1,2,3","1,2,3","1,2,3","1,2,3","1,2","1,2","1,2","1,2","1,2","1,2","1,2","1,2","1,2","1,2","1,2","1,2",3,3,3,3,3,3,4,4,4,4,4,4
2024-02-20 13:21:43,2024-02-20 13:26:44,1,100,300,1,2024-02-20 13:26:46,R_7IPZg4cqevZjBcJ,preview,EN,1,3,"1,2,3",4,"1,2,3","1,2,3","1,2,3","1,2,3","1,2,3","1,2,3","1,2,3","1,2,3","1,2,3","1,2,3","1,2,3","1,2,3","1,2,3","1,2,3","1,2,3","1,2,3","1,2,3","1,2,3","1,2,3","1,2,3","1,2,3","1,2,3","1,2,3","1,2,3",3,3,3,3,3,3,4,4,4,4,4,4
2024-02-24 15:18:03,2024-02-24 15:22:07,1,100,243,1,2024-02-24 15:22:08,R_3BgqWjh9eTTFJnl,preview,EN,1,3,"1,2,3",4,"1,2,3","1,2,3","1,2","1,2,3","1,2,3","1,2,3","1,2,3","1,2,3","1,2,3","1,2,3","1,2,3","1,2,3","1,2,3","1,2,3","1,2,3","1,2","1,2","1,2","1,2,3","1,2","1,2","1,2,3","1,2","1,2",3,3,3,3,3,3,4,4,4,4,4,4
2024-02-24 15:42:53,2024-02-24 15:45:17,0,100,144,1,2024-02-24 15:45:18,R_3qxockIEM1YNkNX,anonymous,EN,1,3,"1,2,3",4,1,1,1,1,1,1,2,1,1,1,1,2,1,1,1,2,2,1,2,1,2,1,2,1,1,2,1,1,2,2,1,1,2,1,2,2
2024-02-24 16:00:29,2024-02-24 16:03:09,0,100,160,1,2024-02-24 16:03:09,R_3dMRyb8kvQh09Ma,anonymous,EN,1,3,"1,2,3",4,2,1,1,1,2,2,1,2,2,1,1,2,2,2,2,1,2,2,1,1,2,2,1,1,1,2,2,2,2,2,1,1,2,2,1,1
2024-02-24 16:22:17,2024-02-24 16:26:15,0,100,237,1,2024-02-24 16:26:15,R_7IlFJvmyNrp3f7X,anonymous,EN,1,3,"1,2,3",4,"1,2","1,2","1,2","1,2","1,2","1,2","1,2","1,2","1,2","1,2","1,2","1,2","1,2","1,2","1,2","1,2","1,2","1,2","1,2","1,2","1,2","1,2","1,2","1,2",3,3,3,3,3,3,4,4,4,4,4,4
2024-02-24 16:23:52,2024-02-24 16:28:22,0,100,269,1,2024-02-24 16:28:22,R_1F2Mr2AoOinNHLP,anonymous,EN,1,3,"1,2,3",4,"1,2,3","1,2,3","1,2,3","1,2,3","1,2,3","1,2,3","1,2,3","1,2,3","1,2,3","1,2,3","1,2,3","1,2","1,2","1,2","1,2","1,2","1,2","1,2","1,2","1,2","1,2","1,2","1,2","1,2,3",3,3,3,3,3,3,4,4,4,4,4,4
2024-02-24 16:16:10,2024-02-24 16:28:52,0,100,761,1,2024-02-24 16:28:52,R_6hKlxJcweyJfMhc,anonymous,EN,1,"1,2","1,2,3",4,3,3,"1,2","1,2",3,"1,2,3","1,2,3","1,2","1,2,3",3,"1,2,3","1,2","1,2","1,2","1,2,3","1,2","1,2","1,2","1,2,3","1,2","1,2,3","1,2,3","1,2","1,2",3,3,3,3,3,3,4,"1,2",4,4,4,4
2024-02-24 16:25:44,2024-02-24 16:29:18,0,100,214,1,2024-02-24 16:29:19,R_3tGbN8ZznnSWyBj,anonymous,EN,1,3,"1,2,3",4,"1,2,3","1,2,3","1,2,3","1,2,3","1,2,3","1,2,3","1,2,3","1,2,3","1,2,3","1,2,3","1,2,3","1,2,3","1,2,3","1,2,3","1,3","1,2,3","1,2,3","1,2,3","1,2,3","1,2,3","1,2,3","1,2,3","1,2,3","1,2,3",3,3,3,3,3,3,4,4,4,4,4,4
2024-02-24 16:23:36,2024-02-24 16:29:27,0,100,350,1,2024-02-24 16:29:27,R_19wONylo8RNzf3P,anonymous,EN,1,3,"1,2,3",4,"1,2","1,2","1,2","1,2","1,2","1,2","1,2","1,2","1,2","1,2","1,2","1,2","1,2","1,2","1,2","1,2","1,2","1,2","1,2","1,2","1,2","1,2","1,2","1,2",3,3,3,3,3,3,4,4,4,4,4,4
2024-02-24 16:28:49,2024-02-24 16:32:15,0,100,205,1,2024-02-24 16:32:16,R_1ajZkAZryNiZYPv,anonymous,EN,1,3,"1,2,3",4,"1,2,3","1,2,3","1,2,3","1,2,3","1,2,3","1,2,3","1,2,3","1,2,3","1,2,3","1,2,3","1,2,3","1,2,3","1,2,3","1,2,3","1,2,3","1,2,3","1,2,3","1,2,3","1,2,3","1,2,3","1,2,3","1,2,3","1,2,3","1,2,3",3,3,3,3,3,3,4,4,4,4,4,4
2024-02-24 16:31:56,2024-02-24 16:34:13,0,100,136,1,2024-02-24 16:34:14,R_72PpAE2qqvWMeII,anonymous,EN,1,3,"1,2,3",4,"1,2","1,2","1,2","1,2","1,2","1,2","1,2","1,2","1,2","1,2","1,2","1,2","1,2","1,2","1,2","1,2","1,2","1,2","1,2","1,2","1,2","1,2","1,2","1,2","1,2",3,3,"1,2",3,3,4,4,4,4,4,4
2024-02-24 16:31:16,2024-02-24 16:35:32,0,100,256,1,2024-02-24 16:35:33,R_6n9BJm7vg5yOjFO,anonymous,EN,1,3,"1,2,3",4,"1,2","1,2","1,2","1,2","1,2","1,2","1,2","1,2","1,2","1,2","1,2","1,2","1,2,3","1,2","1,2","1,2","1,2","1,2","1,2","1,2","1,2","1,2","1,2","1,2",3,3,3,3,3,3,4,4,4,4,4,4
2024-02-24 16:31:18,2024-02-24 16:37:41,0,100,382,1,2024-02-24 16:37:41,R_5ly0TqMjyuNAouF,anonymous,EN,1,3,"1,2,3",4,"1,2,3","1,2,3","1,2,3","1,2,3","1,2,3","1,2,3","1,2","1,2,3","1,2","1,2,3","1,2,3","1,2,3","1,2,3","1,2,3","1,2,3","1,2,3","1,2,3","1,2,3","1,2,3","1,2","1,2,3","1,2,3","1,2,3","1,2,3",3,3,3,3,3,3,4,4,4,4,4,4
2024-02-24 16:33:09,2024-02-24 16:38:35,0,100,326,1,2024-02-24 16:38:36,R_3tJoMIZ42dFyGoK,anonymous,EN,1,3,"1,2,3",4,"1,2","1,2","1,2","1,2","1,2","1,2","1,2","1,2","1,2","1,2","1,2","1,2","1,2","1,2","1,2","1,2","1,2","1,2","1,2","1,2","1,2","1,2","1,2","1,2",3,3,3,3,3,"1,2",4,4,4,4,4,4
2024-02-24 16:58:35,2024-02-24 17:01:34,0,100,178,1,2024-02-24 17:01:34,R_7lzTUXuGPPIeanV,anonymous,EN,1,3,"1,2,3",4,"1,2","1,2","1,2","1,2","1,2","1,2","1,2","1,2","1,2","1,2","1,2","1,2","1,2","1,2","1,2","1,2","1,2","1,2","1,2","1,2","1,2","1,2","1,2","1,2","1,2,3","1,2,3","1,2,3","1,2,3",3,"1,2,3",4,4,4,4,4,4
2024-02-24 16:58:20,2024-02-24 17:02:12,0,100,231,1,2024-02-24 17:02:12,R_7K8fm4tJ1bwnGOu,anonymous,EN,1,3,"1,2,3",4,"1,2,3","1,2,3","1,2,3","1,2,3","1,2,3","1,2,3","1,2,3","1,2,3","1,2,3","1,2,3","1,2,3","1,2,3","1,2","1,2","1,2","1,2","1,2","1,2","1,2","1,2","1,2","1,2","1,2","1,2",3,3,3,3,3,3,4,4,4,4,4,4
2024-02-24 16:59:13,2024-02-24 17:02:16,0,100,183,1,2024-02-24 17:02:17,R_7BrJz019sEYHr8Z,anonymous,EN,1,3,"1,2,3",4,"1,2","1,2",3,"1,2","1,2,3","1,2","1,2,3","1,2,3","1,2","1,2","1,2,3",3,"1,2","1,2","1,2,3","1,2","1,2,3","1,2","1,2,3","1,2,3","1,2","1,2","1,2","1,2",3,3,3,3,3,3,4,4,4,4,4,4
2024-02-24 16:58:27,2024-02-24 17:02:23,0,100,236,1,2024-02-24 17:02:23,R_3ZH7kgXDmO3lQe5,anonymous,EN,1,3,"1,2,3",4,"1,2,3","1,2,3","1,2,3","1,2,3","1,2,3","1,2,3","1,2,3","1,2,3","1,2,3","1,2,3","1,2,3","1,2,3","1,2,3","1,2,3","1,2,3","1,2,3","1,2,3","1,2,3","1,2,3","1,2,3","1,2,3","1,2,3","1,2,3","1,2,3",3,3,3,3,3,3,4,4,4,4,4,4
2024-02-24 16:59:37,2024-02-24 17:02:32,0,100,175,1,2024-02-24 17:02:33,R_38Z1l7tSHcWYomE,anonymous,EN,1,3,"1,2,3",4,"1,2","1,2","1,2","1,2","1,2","1,2","1,2","1,2","1,2","1,2","1,2","1,2","1,2","1,2","1,2","1,2","1,2","1,2","1,2","1,3","1,2","1,2","1,2","1,2",3,3,3,3,3,3,4,4,4,4,4,4
2024-02-24 16:59:34,2024-02-24 17:02:39,0,100,185,1,2024-02-24 17:02:40,R_624IH2ovU5rqri2,anonymous,EN,1,3,"1,2,3",4,"1,2,3","1,2,3","1,2,3","1,2,3","1,2,3","1,2,3","1,2,3","1,2,3","1,2,3","1,2,3","1,2,3","1,2,3","1,2,3","1,2,3","1,2,3","1,2,3","1,2,3","1,2,3","1,2,3","1,2,3","1,2,3","1,2,3","1,2,3","1,2,3",3,3,3,3,3,3,4,4,4,4,4,4
2024-02-24 16:59:00,2024-02-24 17:02:59,0,100,238,1,2024-02-24 17:02:59,R_3uKbtrVOUD07VT0,anonymous,EN,1,3,"1,2,3",4,"1,2","1,2","1,2","1,2","1,2","1,2","1,2","1,2","1,2","1,2","1,2","1,2","1,2","1,2","1,2","1,2","1,2","1,2","1,2","1,2","1,2","1,2","1,2","1,2",3,3,3,3,"1,2","1,2",4,4,4,4,4,4
2024-02-24 17:00:15,2024-02-24 17:03:00,0,100,165,1,2024-02-24 17:03:01,R_1PPTkjaF3ZQEFtT,anonymous,EN,1,3,"1,2,3",4,"1,2","1,2","1,2","1,2","1,2","1,2","1,2","1,3","1,2","1,2","1,2","1,2","1,2","1,2","1,2","1,2","1,2","1,2","1,2","1,2","1,2","1,2","1,2","1,2",3,3,3,3,3,3,4,4,4,4,4,4
2024-02-24 16:59:53,2024-02-24 17:03:23,0,100,210,1,2024-02-24 17:03:24,R_5DGfaXnCGCgcHRI,anonymous,EN,1,3,"1,2,3",4,"1,2,3","1,2","1,2","1,2","1,2","1,2","1,2","1,2","1,2","1,2","1,2,3","1,2","1,2","1,2","1,2","1,2","1,2","1,2","1,2","1,2","1,2","1,2","1,2","1,2",3,3,3,3,"1,2,3","1,2",4,4,4,4,4,4
2024-02-24 17:00:22,2024-02-24 17:03:35,0,100,193,1,2024-02-24 17:03:36,R_1hMPozPqQSzUlKV,anonymous,EN,1,3,"1,2,3",4,"1,2","1,2","1,2","1,2","1,2","1,2","1,2","1,2","1,2","1,2","1,2","1,2","1,2","1,2","1,2","1,2","1,2","1,2","1,2","1,2","1,2","1,2","1,2","1,2",3,3,3,3,3,3,4,4,4,4,4,4
2024-02-24 16:59:20,2024-02-24 17:03:37,0,100,257,1,2024-02-24 17:03:38,R_3zI1Hfmr6mgWUrI,anonymous,EN,1,3,"1,2,3",4,3,3,3,3,3,3,3,3,3,3,3,3,3,3,3,3,3,3,3,3,3,3,3,3,3,3,3,3,3,3,4,4,4,4,4,4
2024-02-24 17:00:41,2024-02-24 17:03:44,0,100,183,1,2024-02-24 17:03:45,R_3eQSR9SZ4o3AWNb,anonymous,EN,1,3,"1,2,3",4,"1,2","1,2","1,2","1,2","1,2","1,2","1,2","1,3","1,2","1,2","1,2","1,2","1,2","1,2","1,2","1,2","1,2","1,2","1,2","1,2","1,2","1,2","1,2","1,2",3,3,3,3,3,3,4,4,4,4,4,4
2024-02-24 17:00:12,2024-02-24 17:03:59,0,100,227,1,2024-02-24 17:04:00,R_1RVGtOXbWfo0hYl,anonymous,EN,1,3,"1,2,3",4,"1,2","1,2","1,2","1,2","1,2","1,2","1,2","1,2","1,2","1,2","1,2","1,2","1,2","1,2","1,2","1,2","1,2","1,2","1,2","1,2","1,2","1,2","1,2","1,2",3,3,3,3,3,3,4,4,4,4,4,4
2024-02-24 16:59:29,2024-02-24 17:04:16,0,100,287,1,2024-02-24 17:04:17,R_5e2uGZJx1KkcRm6,anonymous,EN,1,3,"1,2,3",4,"1,2","1,2","1,2,3","1,2","1,2","1,2","1,2","1,2","1,2","1,2","1,2","1,2","1,2","1,2","1,2","1,2","1,2","1,2","1,2","1,2","1,2,3","1,2","1,2","1,2",3,3,3,3,3,3,4,4,4,4,4,4
2024-02-24 17:01:53,2024-02-24 17:04:25,0,100,151,1,2024-02-24 17:04:26,R_5mdWy4ESdI3PzQu,anonymous,EN,1,3,"1,2,3",4,3,"1,2,3",3,3,3,3,3,3,3,3,3,3,3,"1,2,3",3,3,3,3,3,"1,2,3",3,3,3,3,3,3,3,3,3,3,4,4,4,4,4,4
2024-02-24 17:00:48,2024-02-24 17:04:40,0,100,232,1,2024-02-24 17:04:41,R_6qwPEwjPurfPdcz,anonymous,EN,1,3,"1,2,3",4,"1,2","1,2","1,2","1,2","1,2","1,2","1,2,3","1,2","1,2","1,2","1,2","1,2","1,2","1,2","1,2,3","1,2","1,2","1,2","1,2","1,2","1,2","1,2","1,2","1,2",3,3,3,"1,2",3,"1,2,3",4,4,4,4,4,4
2024-02-24 17:01:16,2024-02-24 17:05:12,0,100,235,1,2024-02-24 17:05:12,R_1332ykqf36IWPXt,anonymous,EN,1,3,"1,2,3",4,2,"1,2","1,2","1,2",2,"1,2","1,2","1,2","1,2","1,2","1,2","1,2","1,2","1,2","1,2","1,2","1,2",1,"1,2","1,2","1,2",1,"1,2","1,2",3,3,3,"1,2",3,3,4,4,4,4,4,4
2024-02-24 17:00:53,2024-02-24 17:05:21,0,100,267,1,2024-02-24 17:05:22,R_1YS4C4aH5wjKAKs,anonymous,EN,1,3,"1,2,3",4,"1,2","1,2","1,2","1,2","1,2","1,2","1,2","1,2","1,2","1,2","1,2","1,2","1,2","1,2","1,2","1,2","1,2","1,2","1,2","1,2",3,"1,2","1,2","1,2",3,3,3,3,3,3,4,4,4,4,4,4
2024-02-24 17:02:08,2024-02-24 17:05:29,0,100,201,1,2024-02-24 17:05:29,R_394lq9358O8UheI,anonymous,EN,1,3,"1,2,3",4,"1,2","1,2","1,2","1,2","1,2","1,2","1,2","1,2","1,2","1,2","1,2","1,2","1,2",2,"1,2","1,2","1,2","1,2","1,2","1,2","1,2","1,2","1,2","1,2",3,3,3,3,3,3,4,4,4,4,4,4
2024-02-24 17:01:55,2024-02-24 17:06:05,0,100,250,1,2024-02-24 17:06:06,R_6Kv9gazQbOo15vJ,anonymous,EN,1,3,"1,2,3",4,3,"1,2","1,2","1,2",3,3,"1,2","1,2",3,"1,2,3",4,3,3,3,3,3,3,3,"1,2",3,4,"1,2",3,"1,2",3,3,"1,2",3,3,3,4,4,4,4,4,4
2024-02-24 17:02:39,2024-02-24 17:06:06,0,100,207,1,2024-02-24 17:06:07,R_1joCp1KJDCgc9kj,anonymous,EN,1,3,"1,2,3",4,"1,2","1,2","1,2","1,2","1,2","1,2","1,2","1,2","1,2","1,2","1,2","1,2","1,2","1,2","1,2","1,2","1,2","1,2","1,2","1,2","1,2","1,2","1,2","1,2",3,3,3,3,3,3,4,4,4,4,4,4
2024-02-24 17:03:09,2024-02-24 17:06:24,0,100,195,1,2024-02-24 17:06:24,R_3E4IYIoWEsFeWnK,anonymous,EN,1,3,"1,2,3",4,"1,2,3","1,2,3","1,2,3","1,2,3","1,2,3","1,2,3","1,2,3","1,2,3","1,2,3","1,2,3","1,2,3","1,2,3","1,2,3","1,2,3","1,2,3","1,2,3","1,2,3","1,2,3","1,2,3","1,2,3","1,2,3","1,2,3","1,2,3","1,2,3",3,3,3,3,3,3,4,4,4,4,4,4
2024-02-24 17:02:58,2024-02-24 17:06:29,0,100,210,1,2024-02-24 17:06:30,R_1vZfWZKi3EGZ0tB,anonymous,EN,1,3,"1,2,3",4,"1,2,3","1,2,3","1,2,3","1,2,3","1,2,3","1,2,3","1,2,3","1,2,3","1,2,3","1,2,3","1,2,3","1,2,3","1,2,3","1,2,3","1,2,3","1,2,3","1,2,3","1,2,3","1,2,3","1,2,3","1,2,3","1,2,3","1,2,3","1,2,3",3,3,3,3,3,3,4,4,4,4,4,4
2024-02-24 16:59:42,2024-02-24 17:06:34,0,100,411,1,2024-02-24 17:06:34,R_6soWpGbkEWMiXdv,anonymous,EN,1,3,"1,2,3",4,"1,2","1,2","1,2","1,2","1,2","1,2","1,2","1,2","1,2","1,2","1,2","1,2","1,2","1,2","1,2","1,2","1,2","1,2","1,2","1,2","1,2","1,2","1,2","1,2",3,3,3,3,3,3,4,4,4,4,4,4
2024-02-24 17:03:44,2024-02-24 17:06:36,0,100,172,1,2024-02-24 17:06:37,R_7VkxvmObq692ZAl,anonymous,EN,1,3,"1,2,3",4,"1,2","1,2","1,2","1,2","1,2","1,2","1,2","1,2","1,2","1,2","1,2","1,2","1,2","1,2","1,2","1,2","1,2","1,2","1,2","1,2","1,2","1,2","1,2","1,2",3,3,3,3,3,3,4,4,4,4,4,4
2024-02-24 17:01:29,2024-02-24 17:06:51,0,100,321,1,2024-02-24 17:06:51,R_6FnLCcVsFJGasSd,anonymous,EN,1,3,"1,2,3",4,"1,2","1,2","1,2","1,2,3","1,2","1,2","1,2","1,2","1,2","1,2","1,2","1,2","1,2","1,2","1,2","1,2","1,2","1,2","1,2","1,2","1,2","1,2","1,2","1,2",3,3,3,3,3,3,4,4,4,4,4,4
2024-02-24 17:04:14,2024-02-24 17:07:18,0,100,183,1,2024-02-24 17:07:18,R_1hXSbuOKqG5aZUg,anonymous,EN,1,3,"1,2,3",4,"1,2,3","1,2,3","1,2,3","1,2,3","1,2,3","1,2,3","1,2,3","1,2,3","1,2,3","1,2,3","1,2,3","1,2,3","1,2,3","1,2,3","1,2,3","1,2,3","1,2,3","1,2,3","1,2,3","1,2,3","1,2,3","1,2,3","1,2,3","1,2,3",3,3,3,3,3,3,4,4,4,4,4,4
2024-02-24 17:02:25,2024-02-24 17:07:26,0,100,300,1,2024-02-24 17:07:27,R_1QG7Vhk0NSspseB,anonymous,EN,1,3,1,4,"1,2","1,2","1,2","1,2","1,2","1,2","1,2","1,2","1,2","1,2","1,2","1,2","1,2","1,2","1,2","1,2","1,2","1,2","1,2","1,2","1,2","1,2","1,2","1,2",3,3,3,3,3,3,4,4,4,4,4,4
2024-02-24 17:02:14,2024-02-24 17:07:39,0,100,325,1,2024-02-24 17:07:39,R_12bXSe5uQbdTQ3e,anonymous,EN,1,3,"1,2,3",4,"1,2","1,2","1,2","1,2","1,2","1,2","1,2","1,2","1,2","1,2","1,2","1,2","1,2","1,2","1,2","1,2","1,2","1,2","1,2","1,2","1,2","1,2","1,2","1,2",3,3,3,3,3,3,4,4,4,4,4,4
2024-02-24 17:04:27,2024-02-24 17:08:03,0,100,215,1,2024-02-24 17:08:03,R_5kLJvjCc1Xsjo0X,anonymous,EN,1,3,"1,2,3",4,"1,2","1,2","1,2","1,2","1,2","1,2","1,2","1,2","1,2","1,2","1,2","1,2",3,"1,2","1,2","1,2","1,2","1,2","1,2","1,2","1,2","1,2","1,2",3,3,3,3,3,3,3,4,4,4,4,4,4
2024-02-24 17:04:07,2024-02-24 17:08:34,0,100,267,1,2024-02-24 17:08:35,R_1E626RaolABEWmY,anonymous,EN,1,3,"1,2,3",4,"1,2,3","1,2,3","1,2,3","1,2,3","1,2,3","1,2,3","1,2,3","1,2,3","1,2,3","1,2,3","1,2,3","1,2,3","1,2","1,2","1,2","1,2","1,2","1,2","1,2","1,2","1,2","1,2","1,2","1,2",3,3,3,3,3,3,4,4,4,4,4,4
2024-02-24 17:04:20,2024-02-24 17:08:42,0,100,261,1,2024-02-24 17:08:42,R_65z7cFKkTI2dGUN,anonymous,EN,1,3,"1,2,3",4,"1,2,3","1,2,3","1,2,3","1,2,3","1,2,3","1,2,3","1,2,3","1,2,3","1,2,3","1,2,3","1,2,3","1,2,3","1,2,3","1,2,3","1,2,3","1,2,3","1,2,3","1,2,3","1,2,3","1,2,3","1,2,3","1,2,3",3,3,3,3,3,3,3,3,4,4,4,4,4,4
2024-02-24 17:03:21,2024-02-24 17:09:10,0,100,348,1,2024-02-24 17:09:10,R_6FxIhAR1SsrCaPN,anonymous,EN,1,3,"1,2,3",4,"1,2","1,2","1,2","1,2","1,2","1,2","1,2","1,2,3","1,2","1,2,3","1,2","1,2","1,2","1,2","1,2","1,2","1,2","1,2","1,2","1,2","1,2","1,2,3","1,2","1,2",3,3,3,3,3,3,4,4,4,4,4,4
2024-02-24 17:04:23,2024-02-24 17:09:20,0,100,296,1,2024-02-24 17:09:20,R_57ptL6undYYizrc,anonymous,EN,1,3,"1,2,3",4,"1,2","1,2","1,2","1,2","1,2","1,2","1,2","1,2","1,2","1,2","1,2","1,2,3","1,2","1,2","1,2","1,2","1,2","1,2","1,2","1,2","1,2","1,2","1,2","1,2",3,3,3,3,3,3,4,4,4,4,4,4
2024-02-24 17:05:14,2024-02-24 17:09:52,0,100,277,1,2024-02-24 17:09:53,R_1KNtd76G7Hg09eC,anonymous,EN,1,3,"1,2,3",4,"1,2","1,2","1,2","1,2","1,2","1,2","1,2","1,2","1,2","1,2","1,2","1,2","1,2","1,2","1,2","1,2","1,2","1,2","1,2","1,2","1,2","1,2","1,2","1,2",3,3,3,3,3,3,4,4,4,4,4,4
2024-02-24 17:06:29,2024-02-24 17:10:58,0,100,268,1,2024-02-24 17:10:58,R_5vYlOJygImj6jkt,anonymous,EN,1,3,"1,2,3",4,"1,2",3,"1,2",3,"1,2","1,2","1,2","1,2","1,2","1,2","1,2","1,2","1,2","1,2","1,2","1,2","1,2","1,2","1,2",3,"1,2","1,2","1,2","1,2",3,3,3,3,3,3,4,4,4,4,4,4
2024-02-24 17:06:43,2024-02-24 17:11:09,0,100,265,1,2024-02-24 17:11:09,R_3qfugagfEBzREkK,anonymous,EN,1,3,"1,2,3",4,"1,2,3","1,2,3","1,2,3","1,2,3","1,2,3","1,2,3","1,2,3","1,2,3","1,2,3","1,2,3","1,2,3","1,2,3","1,2,3","1,2,3","1,2,3","1,2,3","1,2,3","1,2,3","1,2,3","1,2,3","1,2,3","1,2,3","1,2,3","1,2,3",3,3,3,3,3,3,4,4,4,4,4,4
2024-02-24 17:04:41,2024-02-24 17:12:05,0,100,443,1,2024-02-24 17:12:05,R_7UgYRaQaQPGJimd,anonymous,EN,1,3,"1,2,3",4,"1,2,3","1,2","1,2","1,2","1,2","1,2","1,2","1,2","1,2","1,2,3","1,2,3","1,2","1,2","1,2","1,2","1,2","1,2",3,"1,2","1,2","1,2","1,2","1,2","1,2",3,3,3,3,3,3,4,4,4,4,4,4
2024-02-24 16:57:39,2024-02-24 17:21:26,0,100,1427,1,2024-02-24 17:21:26,R_7pxnxeBwYJNHpws,anonymous,EN,1,3,"1,2,3",4,"1,2","1,2","1,2","1,2","1,2","1,2","1,2","1,2","1,2","1,2","1,2","1,2","1,2","1,2","1,2",3,"1,2","1,2","1,2","1,2","1,2",3,"1,2","1,2",3,3,3,3,3,3,4,4,4,4,4,4
2024-02-24 17:14:21,2024-02-24 17:22:38,0,100,497,1,2024-02-24 17:22:39,R_5fdWWsLt3tvOnQP,anonymous,EN,1,3,"1,2,3",4,"1,2","1,2","1,2","1,2","1,2","1,2","1,2","1,2","1,2","1,2","1,2","1,2","1,2","1,2","1,2","1,2","1,2","1,2","1,2","1,2","1,2","1,2","1,2","1,2",3,3,3,3,3,3,4,4,4,4,4,4
